{"cameraMode":{"drawMode":0,"name":"Shaded","section":"Shading Mode"},"sceneLighting":true,"audioPlay":false,"sceneViewState":{"m_AlwaysRefresh":false,"showFog":true,"showSkybox":true,"showFlares":true,"showImageEffects":true,"showParticleSystems":true,"showVisualEffectGraphs":true,"m_FxEnabled":true},"in2DMode":false,"pivot":{"x":-9.808470726013184,"y":-0.8605852127075195,"z":-7.0614142417907719},"rotation":{"x":0.055899497121572497,"y":-0.9032688140869141,"z":0.12406686693429947,"w":0.4069506824016571},"size":6.916254997253418,"orthographic":false}