{"cameraMode":{"drawMode":0,"name":"Shaded","section":"Shading Mode"},"sceneLighting":true,"audioPlay":false,"sceneViewState":{"m_AlwaysRefresh":false,"showFog":true,"showSkybox":true,"showFlares":true,"showImageEffects":true,"showParticleSystems":true,"showVisualEffectGraphs":true,"m_FxEnabled":true},"in2DMode":false,"pivot":{"x":-1.943214774131775,"y":1.7743898630142213,"z":-2.3836827278137209},"rotation":{"x":-0.018221722915768625,"y":0.356425940990448,"z":-0.006942157633602619,"w":-0.9341230988502502},"size":0.7189311981201172,"orthographic":false}