{"cameraMode":{"drawMode":0,"name":"Shaded","section":"Shading Mode"},"sceneLighting":true,"audioPlay":false,"sceneViewState":{"m_AlwaysRefresh":false,"showFog":true,"showSkybox":true,"showFlares":true,"showImageEffects":true,"showParticleSystems":true,"showVisualEffectGraphs":true,"m_FxEnabled":true},"in2DMode":false,"pivot":{"x":-1.9775059223175049,"y":1.717099666595459,"z":-1.7167959213256837},"rotation":{"x":0.017990367487072946,"y":-0.385657399892807,"z":0.007521633058786392,"w":0.922437310218811},"size":0.4319496750831604,"orthographic":false}